State,1/22/20,1/23/20,1/24/20,1/25/20,1/26/20,1/27/20,1/28/20,1/29/20,1/30/20,1/31/20,2/1/20,2/2/20,2/3/20,2/4/20,2/5/20,2/6/20,2/7/20,2/8/20,2/9/20,2/10/20,2/11/20,2/12/20,2/13/20,2/14/20,2/15/20,2/16/20,2/17/20,2/18/20,2/19/20,2/20/20,2/21/20,2/22/20,2/23/20,2/24/20,2/25/20,2/26/20,2/27/20,2/28/20,2/29/20,3/1/20,3/2/20,3/3/20,3/4/20,3/5/20,3/6/20,3/7/20,3/8/20,3/9/20,3/10/20,3/11/20,3/12/20,3/13/20,3/14/20,3/15/20,3/16/20,3/17/20,3/18/20,3/19/20,3/20/20,3/21/20,3/22/20,3/23/20,3/24/20,3/25/20,3/26/20,3/27/20,3/28/20,3/29/20,3/30/20,3/31/20,4/01/20,4/02/20,4/03/20,4/04/20,4/05/20,4/06/20,4/07/20,4/08/20,4/09/20,4/10/20,4/11/20,4/12/20,4/13/20,4/14/20,4/15/20,4/16/20,4/17/20,4/18/20,4/19/20,4/20/20,4/21/20,4/22/20,4/23/20,4/24/20,4/25/20,4/26/20,4/27/20,4/28/20,4/29/20,4/30/20,5/01/20,5/02/20,5/03/20,5/04/20,5/05/20,5/06/20,5/07/20,5/08/20,5/09/20,5/10/20,5/11/20,5/12/20,5/13/20,5/14/20,5/15/20,5/16/20,5/17/20,5/18/20,5/19/20,5/20/20,5/21/20,5/22/20,5/23/20,5/24/20,5/25/20,5/26/20,5/27/20,5/28/20
Alabama,0,0,0,0,0,0,0,0,0,0,0,0,0,0,0,0,0,0,0,0,0,0,0,0,0,0,0,0,0,0,0,0,0,0,0,0,0,0,0,0,0,0,0,0,0,0,0,0,0,0,0,0,0,0,0,0,0,0,0,0,0,0,0,1,1,4,4,10,10,23,27,32,38,44,45,49,64,66,70,80,92,93,99,114,118,133,148,153,157,163,183,196,202,209,209,219,228,242,256,272,289,288,290,298,315,343,369,383,390,393,403,435,450,473,483,485,488,489,504,522,529,541,549,551,566,580,583,591
Alaska,0,0,0,0,0,0,0,0,0,0,0,0,0,0,0,0,0,0,0,0,0,0,0,0,0,0,0,0,0,0,0,0,0,0,0,0,0,0,0,0,0,0,0,0,0,0,0,0,0,0,0,0,0,0,0,0,0,0,0,0,0,0,0,1,1,1,2,2,3,3,3,3,3,5,6,6,6,7,7,7,8,8,8,9,9,9,9,9,9,9,9,9,9,9,9,9,9,9,9,9,9,9,9,9,9,10,10,10,10,10,10,10,10,10,10,10,10,10,10,10,10,10,10,10,10,10,10,10
American Samoa,0,0,0,0,0,0,0,0,0,0,0,0,0,0,0,0,0,0,0,0,0,0,0,0,0,0,0,0,0,0,0,0,0,0,0,0,0,0,0,0,0,0,0,0,0,0,0,0,0,0,0,0,0,0,0,0,0,0,0,0,0,0,0,0,0,0,0,0,0,0,0,0,0,0,0,0,0,0,0,0,0,0,0,0,0,0,0,0,0,0,0,0,0,0,0,0,0,0,0,0,0,0,0,0,0,0,0,0,0,0,0,0,0,0,0,0,0,0,0,0,0,0,0,0,0,0,0,0
Arizona,0,0,0,0,0,0,0,0,0,0,0,0,0,0,0,0,0,0,0,0,0,0,0,0,0,0,0,0,0,0,0,0,0,0,0,0,0,0,0,0,0,0,0,0,0,0,0,0,0,0,0,0,0,0,0,0,0,0,0,1,2,2,5,6,8,13,15,17,20,24,29,32,41,52,64,65,73,80,89,97,108,115,122,131,142,150,169,180,184,191,208,231,249,266,273,275,275,275,308,320,330,330,362,362,395,426,450,517,532,536,542,562,595,624,651,679,680,687,705,747,764,775,801,801,807,810,834,860
Arkansas,0,0,0,0,0,0,0,0,0,0,0,0,0,0,0,0,0,0,0,0,0,0,0,0,0,0,0,0,0,0,0,0,0,0,0,0,0,0,0,0,0,0,0,0,0,0,0,0,0,0,0,0,0,0,0,0,0,0,0,0,0,0,2,2,2,3,5,6,7,8,10,12,12,14,16,16,18,18,21,21,25,27,29,32,33,37,37,38,39,41,42,42,45,47,48,51,51,57,57,61,64,72,76,80,83,87,87,88,88,91,94,95,97,98,98,98,98,100,102,107,110,113,115,116,117,119,120,125
California,0,0,0,0,0,0,0,0,0,0,0,0,0,0,0,0,0,0,0,0,0,0,0,0,0,0,0,0,0,0,0,0,0,0,0,0,0,0,0,0,0,0,1,1,1,1,1,1,2,3,4,4,5,6,7,12,13,18,23,24,30,39,50,65,81,94,110,124,146,173,199,238,265,289,348,380,432,495,544,583,604,640,714,767,860,956,1037,1140,1177,1225,1282,1421,1533,1621,1689,1725,1779,1864,1946,2031,2126,2180,2216,2278,2381,2464,2535,2613,2687,2716,2779,2879,2957,3052,3136,3208,3240,3279,3403,3497,3583,3666,3738,3754,3769,3819,3895,3993
Colorado,0,0,0,0,0,0,0,0,0,0,0,0,0,0,0,0,0,0,0,0,0,0,0,0,0,0,0,0,0,0,0,0,0,0,0,0,0,0,0,0,0,0,0,0,0,0,0,0,0,0,0,0,1,1,1,2,2,4,4,4,6,7,8,16,19,27,31,47,47,69,69,80,97,111,140,150,179,193,193,226,250,289,306,327,328,355,372,389,420,420,483,506,552,674,684,688,706,736,766,777,821,832,842,851,903,919,944,960,967,971,987,1010,1062,1086,1150,1192,1215,1224,1257,1299,1310,1324,1327,1332,1333,1352,1392,1421
Connecticut,0,0,0,0,0,0,0,0,0,0,0,0,0,0,0,0,0,0,0,0,0,0,0,0,0,0,0,0,0,0,0,0,0,0,0,0,0,0,0,0,0,0,0,0,0,0,0,0,0,0,0,0,0,0,0,0,0,2,3,4,8,10,12,19,21,27,33,34,36,69,85,112,131,165,189,206,277,326,380,448,494,554,602,671,868,971,1036,1086,1127,1331,1423,1544,1639,1767,1865,1924,2012,2087,2169,2257,2339,2436,2436,2556,2633,2718,2797,2874,2932,2967,3008,3041,3125,3219,3285,3339,3408,3450,3472,3529,3583,3637,3675,3693,3742,3769,3803,3826
Delaware,0,0,0,0,0,0,0,0,0,0,0,0,0,0,0,0,0,0,0,0,0,0,0,0,0,0,0,0,0,0,0,0,0,0,0,0,0,0,0,0,0,0,0,0,0,0,0,0,0,0,0,0,0,0,0,0,0,0,0,0,0,0,0,0,1,2,5,6,6,10,11,12,14,14,14,15,16,19,23,32,33,35,41,43,46,55,61,67,67,72,82,89,92,100,112,120,125,137,144,152,159,168,177,182,187,193,202,213,221,221,225,237,247,260,271,286,290,297,304,310,317,322,322,326,332,335,344,345
Diamond Princess,0,0,0,0,0,0,0,0,0,0,0,0,0,0,0,0,0,0,0,0,0,0,0,0,0,0,0,0,0,0,0,0,0,0,0,0,0,0,0,0,0,0,0,0,0,0,0,0,0,0,0,0,0,0,0,0,0,0,0,0,0,0,0,0,0,0,0,0,0,0,0,0,0,0,0,0,0,0,0,0,0,0,0,0,0,0,0,0,0,0,0,0,0,0,0,0,0,0,0,0,0,0,0,0,0,0,0,0,0,0,0,0,0,0,0,0,0,0,0,0,0,0,0,0,0,0,0,0
District of Columbia,0,0,0,0,0,0,0,0,0,0,0,0,0,0,0,0,0,0,0,0,0,0,0,0,0,0,0,0,0,0,0,0,0,0,0,0,0,0,0,0,0,0,0,0,0,0,0,0,0,0,0,0,0,0,0,0,0,0,1,1,2,2,2,2,3,3,4,5,9,9,9,12,15,21,22,24,22,27,32,38,47,50,52,67,72,81,86,91,96,105,112,127,139,153,165,178,185,190,205,224,231,240,251,258,264,277,285,304,311,323,328,336,350,358,368,375,383,392,400,407,412,418,427,432,440,440,445,453
Florida,0,0,0,0,0,0,0,0,0,0,0,0,0,0,0,0,0,0,0,0,0,0,0,0,0,0,0,0,0,0,0,0,0,0,0,0,0,0,0,0,0,0,0,0,0,0,2,2,2,2,2,2,3,4,5,6,7,9,10,13,13,18,18,23,29,35,54,56,63,85,87,164,170,195,221,236,283,309,354,390,438,461,499,571,596,668,725,748,774,822,867,893,987,1046,1055,1075,1088,1171,1218,1268,1314,1364,1379,1399,1471,1539,1600,1669,1715,1721,1735,1779,1827,1875,1917,1964,1973,1997,2052,2096,2144,2190,2233,2237,2252,2259,2319,2364
Georgia,0,0,0,0,0,0,0,0,0,0,0,0,0,0,0,0,0,0,0,0,0,0,0,0,0,0,0,0,0,0,0,0,0,0,0,0,0,0,0,0,0,0,0,0,0,0,0,0,0,0,1,1,1,1,1,1,3,10,13,14,25,25,32,40,48,64,69,80,87,111,139,163,184,201,211,229,329,362,379,416,429,433,465,525,552,587,650,673,687,775,798,848,881,899,907,916,995,1036,1101,1132,1169,1177,1184,1246,1299,1327,1355,1400,1403,1406,1444,1498,1517,1545,1588,1598,1610,1649,1675,1697,1775,1808,1822,1827,1848,1896,1933,1973
Grand Princess,0,0,0,0,0,0,0,0,0,0,0,0,0,0,0,0,0,0,0,0,0,0,0,0,0,0,0,0,0,0,0,0,0,0,0,0,0,0,0,0,0,0,0,0,0,0,0,0,0,0,0,0,0,0,0,0,0,0,0,0,1,1,1,1,1,3,3,3,3,3,3,3,3,3,3,3,3,3,3,3,3,0,0,0,0,0,0,0,0,0,0,0,3,3,3,3,3,3,3,3,3,3,3,3,3,3,3,3,3,3,3,3,3,3,3,3,3,3,3,3,3,3,3,3,3,3,3,3
Guam,0,0,0,0,0,0,0,0,0,0,0,0,0,0,0,0,0,0,0,0,0,0,0,0,0,0,0,0,0,0,0,0,0,0,0,0,0,0,0,0,0,0,0,0,0,0,0,0,0,0,0,0,0,0,0,0,0,0,0,0,1,1,1,1,1,1,1,1,1,2,3,3,4,4,4,4,4,4,4,4,5,5,5,5,5,5,5,5,5,5,5,5,5,5,5,5,5,5,5,5,5,5,5,5,5,5,5,5,5,5,5,5,5,5,5,5,5,5,5,5,5,5,5,5,5,5,5,5
Hawaii,0,0,0,0,0,0,0,0,0,0,0,0,0,0,0,0,0,0,0,0,0,0,0,0,0,0,0,0,0,0,0,0,0,0,0,0,0,0,0,0,0,0,0,0,0,0,0,0,0,0,0,0,0,0,0,0,0,0,0,0,0,0,1,0,0,0,0,0,0,0,1,1,3,3,4,5,5,5,6,6,8,9,9,9,9,9,9,9,10,10,10,12,12,13,13,14,16,16,16,16,16,16,17,17,17,17,17,17,17,17,17,17,17,17,17,17,17,17,17,17,17,17,17,17,17,17,17,17
Idaho,0,0,0,0,0,0,0,0,0,0,0,0,0,0,0,0,0,0,0,0,0,0,0,0,0,0,0,0,0,0,0,0,0,0,0,0,0,0,0,0,0,0,0,0,0,0,0,0,0,0,0,0,0,0,0,0,0,0,0,0,0,0,0,0,3,3,4,5,6,8,9,9,9,10,10,10,13,15,18,24,25,27,27,33,39,41,41,43,44,45,48,51,54,54,56,56,56,60,60,60,63,64,64,64,65,66,67,67,67,67,70,69,69,72,72,73,73,74,74,77,77,79,79,79,79,79,81,82
Illinois,0,0,0,0,0,0,0,0,0,0,0,0,0,0,0,0,0,0,0,0,0,0,0,0,0,0,0,0,0,0,0,0,0,0,0,0,0,0,0,0,0,0,0,0,0,0,0,0,0,0,0,0,0,0,0,1,1,4,5,6,9,12,16,19,26,34,47,66,73,99,141,163,210,244,274,307,308,462,462,597,677,720,798,868,949,1072,1132,1259,1290,1349,1468,1565,1688,1795,1875,1933,1983,2125,2215,2355,2457,2559,2618,2659,2834,2974,3111,3241,3349,3406,3459,3601,3792,3928,4059,4129,4177,4234,4379,4525,4607,4715,4790,4856,4885,4923,5083,5186
Indiana,0,0,0,0,0,0,0,0,0,0,0,0,0,0,0,0,0,0,0,0,0,0,0,0,0,0,0,0,0,0,0,0,0,0,0,0,0,0,0,0,0,0,0,0,0,0,0,0,0,0,0,0,0,0,1,2,2,2,2,4,6,7,12,14,17,25,31,32,35,49,65,78,102,116,127,143,173,203,245,300,330,343,350,387,436,477,522,545,562,577,635,666,706,741,786,813,844,901,964,1114,1175,1115,1132,1151,1211,1377,1414,1447,1490,1508,1540,1578,1619,1646,1691,1741,1751,1765,1824,1864,1913,1941,1964,1976,1984,2004,2030,2068
Iowa,0,0,0,0,0,0,0,0,0,0,0,0,0,0,0,0,0,0,0,0,0,0,0,0,0,0,0,0,0,0,0,0,0,0,0,0,0,0,0,0,0,0,0,0,0,0,0,0,0,0,0,0,0,0,0,0,0,0,0,0,0,0,0,1,1,3,3,4,6,7,9,11,11,14,18,25,25,27,29,31,34,41,41,49,53,60,64,74,75,79,83,90,96,107,112,118,127,136,148,162,170,175,184,188,207,219,231,243,252,265,271,289,306,318,336,346,351,355,367,393,410,424,446,456,456,477,496,506
Kansas,0,0,0,0,0,0,0,0,0,0,0,0,0,0,0,0,0,0,0,0,0,0,0,0,0,0,0,0,0,0,0,0,0,0,0,0,0,0,0,0,0,0,0,0,0,0,0,0,0,0,0,1,1,1,1,1,1,1,1,2,2,2,2,3,3,4,4,7,8,9,10,12,18,21,22,25,29,34,42,42,55,56,62,69,71,80,82,85,93,102,109,112,113,118,120,121,126,127,134,134,140,142,144,156,161,164,165,168,174,174,180,184,188,189,193,195,195,198,199,202,204,205,205,205,207,210,213,214
Kentucky,0,0,0,0,0,0,0,0,0,0,0,0,0,0,0,0,0,0,0,0,0,0,0,0,0,0,0,0,0,0,0,0,0,0,0,0,0,0,0,0,0,0,0,0,0,0,0,0,0,0,0,0,0,0,1,1,1,2,2,3,3,4,4,5,5,7,9,9,11,11,18,31,34,40,45,45,65,65,73,90,90,97,113,106,115,129,137,144,146,154,171,185,191,200,205,208,213,225,234,240,246,248,253,261,275,283,294,298,304,304,311,321,321,328,332,334,334,346,366,376,386,391,391,391,391,394,400,409
Louisiana,0,0,0,0,0,0,0,0,0,0,0,0,0,0,0,0,0,0,0,0,0,0,0,0,0,0,0,0,0,0,0,0,0,0,0,0,0,0,0,0,0,0,0,0,0,0,0,0,0,0,0,0,1,2,3,4,4,10,14,16,20,35,46,65,83,119,137,151,185,239,273,310,370,409,477,512,582,652,702,755,806,840,884,1013,1103,1156,1213,1267,1296,1328,1405,1473,1599,1660,1707,1729,1740,1801,1845,1905,1970,1993,2012,2064,2115,2167,2208,2227,2267,2286,2308,2347,2381,2417,2448,2479,2491,2563,2581,2608,2629,2668,2668,2691,2691,2702,2723,2741
Maine,0,0,0,0,0,0,0,0,0,0,0,0,0,0,0,0,0,0,0,0,0,0,0,0,0,0,0,0,0,0,0,0,0,0,0,0,0,0,0,0,0,0,0,0,0,0,0,0,0,0,0,0,0,0,0,0,0,0,0,0,0,0,0,0,0,1,1,3,3,5,5,7,9,10,10,10,12,14,16,17,19,19,19,20,24,27,29,32,34,35,36,39,44,47,47,50,51,51,52,53,55,56,57,57,61,62,62,63,64,64,65,65,66,69,69,70,70,71,73,73,73,75,77,78,78,79,81,84
Maryland,0,0,0,0,0,0,0,0,0,0,0,0,0,0,0,0,0,0,0,0,0,0,0,0,0,0,0,0,0,0,0,0,0,0,0,0,0,0,0,0,0,0,0,0,0,0,0,0,0,0,0,0,0,0,0,0,0,1,1,2,3,3,4,4,4,5,5,10,15,18,31,36,43,54,67,91,103,124,138,171,206,236,262,302,311,319,334,421,461,582,652,698,748,798,875,910,945,1016,1078,1140,1080,1251,1281,1317,1390,1437,1503,1560,1614,1644,1683,1756,1809,1866,1911,1957,1992,2023,2081,2123,2159,2207,2243,2277,2302,2333,2392,2428
Massachusetts,0,0,0,0,0,0,0,0,0,0,0,0,0,0,0,0,0,0,0,0,0,0,0,0,0,0,0,0,0,0,0,0,0,0,0,0,0,0,0,0,0,0,0,0,0,0,0,0,0,0,0,0,0,0,0,0,0,0,1,1,5,9,11,15,25,35,44,48,56,89,122,154,192,216,231,260,356,433,503,599,686,756,844,844,1108,1108,1245,1404,1706,1706,1961,2182,2360,2556,2730,2899,3003,3153,3405,3562,3716,3846,4004,4090,4212,4420,4552,4702,4840,4979,5108,5141,5315,5482,5592,5705,5797,5862,5938,6066,6148,6228,6304,6372,6416,6473,6547,6640
Michigan,0,0,0,0,0,0,0,0,0,0,0,0,0,0,0,0,0,0,0,0,0,0,0,0,0,0,0,0,0,0,0,0,0,0,0,0,0,0,0,0,0,0,0,0,0,0,0,0,0,0,0,0,0,0,0,0,0,3,3,5,9,15,24,43,61,92,111,132,184,259,335,417,479,540,617,727,845,959,1076,1276,1384,1479,1602,1768,1921,1996,2227,2308,2391,2468,2575,2813,2977,3085,3155,3315,3407,3568,3670,3789,3866,4021,4053,4139,4183,4256,4345,4399,4530,4555,4584,4674,4714,4787,4825,4881,4891,4915,5017,5060,5129,5158,5223,5228,5241,5266,5334,5372
Minnesota,0,0,0,0,0,0,0,0,0,0,0,0,0,0,0,0,0,0,0,0,0,0,0,0,0,0,0,0,0,0,0,0,0,0,0,0,0,0,0,0,0,0,0,0,0,0,0,0,0,0,0,0,0,0,0,0,0,0,0,1,1,1,1,1,2,4,5,9,10,12,17,18,22,24,29,30,34,39,50,57,64,70,70,79,87,87,111,121,134,143,160,179,200,221,244,272,286,301,319,343,370,394,418,427,455,485,508,534,558,578,591,614,638,672,692,709,731,740,757,786,818,851,861,878,890,908,942,977
Mississippi,0,0,0,0,0,0,0,0,0,0,0,0,0,0,0,0,0,0,0,0,0,0,0,0,0,0,0,0,0,0,0,0,0,0,0,0,0,0,0,0,0,0,0,0,0,0,0,0,0,0,0,0,0,0,0,0,0,1,1,1,1,1,1,3,6,8,13,14,16,20,22,26,29,35,43,51,60,67,76,82,93,96,98,111,122,129,140,152,159,169,183,193,201,209,221,227,229,239,250,261,281,291,303,310,342,374,396,409,421,430,435,457,465,480,493,510,521,527,554,570,580,595,616,625,635,652,670,693
Missouri,0,0,0,0,0,0,0,0,0,0,0,0,0,0,0,0,0,0,0,0,0,0,0,0,0,0,0,0,0,0,0,0,0,0,0,0,0,0,0,0,0,0,0,0,0,0,0,0,0,0,0,0,0,0,0,0,0,1,2,3,3,4,7,8,9,9,10,13,13,15,18,22,25,33,44,47,65,86,93,99,116,118,123,149,153,169,184,197,199,200,224,238,252,272,281,283,343,330,338,350,360,376,381,386,409,428,449,483,494,503,514,529,551,566,581,594,600,611,631,640,668,677,682,686,689,693,689,708
Montana,0,0,0,0,0,0,0,0,0,0,0,0,0,0,0,0,0,0,0,0,0,0,0,0,0,0,0,0,0,0,0,0,0,0,0,0,0,0,0,0,0,0,0,0,0,0,0,0,0,0,0,0,0,0,0,0,0,0,0,0,0,0,0,0,0,1,1,1,5,5,6,6,5,6,6,6,6,6,6,6,6,6,7,7,7,7,8,10,10,10,12,14,14,14,14,14,14,15,16,16,16,16,16,16,16,16,16,16,16,16,16,16,16,16,16,16,16,16,16,16,16,16,16,16,16,17,17,17
Nebraska,0,0,0,0,0,0,0,0,0,0,0,0,0,0,0,0,0,0,0,0,0,0,0,0,0,0,0,0,0,0,0,0,0,0,0,0,0,0,0,0,0,0,0,0,0,0,0,0,0,0,0,0,0,0,0,0,0,0,0,0,0,0,0,0,0,0,2,2,2,3,4,5,6,6,8,9,10,12,14,15,17,17,17,20,20,21,24,24,28,33,33,38,47,50,50,56,56,56,56,70,73,73,78,78,78,78,91,90,90,90,98,100,103,103,113,123,123,123,123,138,138,147,147,147,147,147,153,163
Nevada,0,0,0,0,0,0,0,0,0,0,0,0,0,0,0,0,0,0,0,0,0,0,0,0,0,0,0,0,0,0,0,0,0,0,0,0,0,0,0,0,0,0,0,0,0,0,0,0,0,0,0,0,0,0,1,1,1,1,1,2,2,4,4,6,10,10,10,15,15,26,31,38,43,46,46,46,72,72,81,90,102,112,114,126,131,137,142,151,158,159,163,172,195,197,205,206,206,219,230,243,246,255,258,265,270,289,297,294,313,310,312,321,331,333,343,347,350,358,358,377,383,386,387,380,394,394,402,406
New Hampshire,0,0,0,0,0,0,0,0,0,0,0,0,0,0,0,0,0,0,0,0,0,0,0,0,0,0,0,0,0,0,0,0,0,0,0,0,0,0,0,0,0,0,0,0,0,0,0,0,0,0,0,0,0,0,0,0,0,0,0,0,0,1,1,1,1,1,2,2,3,3,3,3,5,7,9,9,9,13,21,21,22,23,23,25,32,32,37,38,38,42,42,48,51,53,53,60,60,60,60,72,81,84,86,86,92,92,114,121,131,133,133,142,150,151,151,171,172,172,172,190,199,204,208,209,210,214,223,232
New Jersey,0,0,0,0,0,0,0,0,0,0,0,0,0,0,0,0,0,0,0,0,0,0,0,0,0,0,0,0,0,0,0,0,0,0,0,0,0,0,0,0,0,0,0,0,0,0,0,0,1,1,1,1,1,2,2,3,3,9,11,16,20,27,44,62,81,108,140,161,198,267,355,537,646,846,917,1003,1232,1504,1709,1932,2183,2350,2443,2805,3156,3518,3840,4070,4362,4496,4753,5150,5426,5683,5914,5938,6044,6442,6771,7228,7538,7742,7871,7910,8244,8549,8807,8960,9116,9256,9340,9531,9714,9946,10148,10261,10363,10439,10587,10749,10846,10985,11082,11138,11147,11194,11339,11409
New Mexico,0,0,0,0,0,0,0,0,0,0,0,0,0,0,0,0,0,0,0,0,0,0,0,0,0,0,0,0,0,0,0,0,0,0,0,0,0,0,0,0,0,0,0,0,0,0,0,0,0,0,0,0,0,0,0,0,0,0,0,0,0,0,0,1,1,1,1,2,2,4,5,6,10,10,12,12,13,13,16,17,19,26,26,31,36,36,44,53,55,58,58,71,78,84,93,99,99,105,112,123,131,138,151,156,162,169,172,181,191,200,208,219,231,242,253,259,265,270,276,283,294,302,302,317,320,325,329,335
New York,0,0,0,0,0,0,0,0,0,0,0,0,0,0,0,0,0,0,0,0,0,0,0,0,0,0,0,0,0,0,0,0,0,0,0,0,0,0,0,0,0,0,0,0,0,0,0,0,0,0,0,0,2,3,10,13,16,34,42,60,117,158,210,285,385,527,728,965,1218,1550,1941,2373,2935,3565,4159,4698,5489,6268,7067,7867,8627,9385,10058,10842,11617,14832,17131,17671,18298,18611,19104,19413,20973,21411,22009,22269,22668,22912,23477,23587,24039,24198,24708,24999,25124,25623,26144,26243,26612,26641,26988,27284,27477,27641,27878,28049,28232,28339,28558,28636,28743,28853,29031,29141,29229,29302,29484,29529
North Carolina,0,0,0,0,0,0,0,0,0,0,0,0,0,0,0,0,0,0,0,0,0,0,0,0,0,0,0,0,0,0,0,0,0,0,0,0,0,0,0,0,0,0,0,0,0,0,0,0,0,0,0,0,0,0,0,0,0,0,0,0,0,0,0,2,3,4,5,7,7,12,14,21,27,34,38,45,53,66,76,83,89,89,94,112,130,150,177,187,200,218,245,265,281,294,305,324,340,363,382,406,419,431,434,442,472,492,513,530,551,564,575,600,625,641,667,676,686,693,693,726,728,775,778,784,790,801,844,876
North Dakota,0,0,0,0,0,0,0,0,0,0,0,0,0,0,0,0,0,0,0,0,0,0,0,0,0,0,0,0,0,0,0,0,0,0,0,0,0,0,0,0,0,0,0,0,0,0,0,0,0,0,0,0,0,0,0,0,0,0,0,0,0,0,0,0,0,1,1,1,2,3,3,3,3,3,3,3,4,4,5,6,7,7,8,8,9,9,9,9,9,9,13,14,15,15,16,17,19,19,19,19,23,24,25,25,25,31,31,33,35,35,36,38,40,40,42,42,43,44,45,49,51,52,52,53,54,54,56,57
Northern Mariana Islands,0,0,0,0,0,0,0,0,0,0,0,0,0,0,0,0,0,0,0,0,0,0,0,0,0,0,0,0,0,0,0,0,0,0,0,0,0,0,0,0,0,0,0,0,0,0,0,0,0,0,0,0,0,0,0,0,0,0,0,0,0,0,0,0,0,0,0,0,0,0,1,1,1,1,1,1,2,2,2,2,2,2,2,2,2,2,2,2,2,2,2,2,2,2,2,2,2,2,2,2,2,2,2,2,2,2,2,2,2,2,2,2,2,2,2,2,2,2,2,2,2,2,2,2,2,2,2,2
Ohio,0,0,0,0,0,0,0,0,0,0,0,0,0,0,0,0,0,0,0,0,0,0,0,0,0,0,0,0,0,0,0,0,0,0,0,0,0,0,0,0,0,0,0,0,0,0,0,0,0,0,0,0,0,0,0,0,0,0,2,3,3,6,8,11,15,19,25,29,40,55,65,81,91,102,119,142,167,193,213,231,247,253,274,324,362,407,418,451,471,509,557,610,656,690,711,728,753,799,937,976,1003,1022,1039,1057,1135,1225,1271,1306,1331,1341,1357,1436,1483,1534,1581,1610,1625,1657,1720,1781,1837,1872,1956,1969,1987,2002,2044,2098
Oklahoma,0,0,0,0,0,0,0,0,0,0,0,0,0,0,0,0,0,0,0,0,0,0,0,0,0,0,0,0,0,0,0,0,0,0,0,0,0,0,0,0,0,0,0,0,0,0,0,0,0,0,0,0,0,0,0,0,0,1,1,1,2,2,3,5,7,8,15,16,16,23,30,34,38,42,46,51,67,79,80,88,94,96,99,108,123,131,136,136,140,143,164,170,179,188,194,195,197,207,214,222,230,238,238,238,247,253,260,266,270,272,274,278,278,284,285,288,288,288,293,299,304,307,311,311,313,318,322,325
Oregon,0,0,0,0,0,0,0,0,0,0,0,0,0,0,0,0,0,0,0,0,0,0,0,0,0,0,0,0,0,0,0,0,0,0,0,0,0,0,0,0,0,0,0,0,0,0,0,0,0,0,0,0,0,1,1,1,2,3,3,5,5,5,8,10,11,12,13,13,16,18,19,21,22,22,27,27,29,33,44,44,48,52,53,55,58,64,70,72,74,75,78,78,83,86,87,92,92,99,101,103,104,109,109,109,113,115,121,124,127,127,130,130,134,137,137,137,137,138,140,144,145,147,147,148,148,148,148,151
Pennsylvania,0,0,0,0,0,0,0,0,0,0,0,0,0,0,0,0,0,0,0,0,0,0,0,0,0,0,0,0,0,0,0,0,0,0,0,0,0,0,0,0,0,0,0,0,0,0,0,0,0,0,0,0,0,0,0,0,0,1,1,2,4,6,8,15,18,22,34,41,50,63,74,90,102,136,151,179,247,318,345,418,503,557,589,691,779,841,921,1042,1276,1348,1614,1673,1724,1747,1793,1816,1886,2046,2373,2475,2635,2695,2720,2838,3179,3345,3589,3715,3779,3806,3832,3914,4094,4288,4422,4480,4495,4515,4628,4770,4869,5010,5112,5136,5146,5163,5265,5373
Puerto Rico,0,0,0,0,0,0,0,0,0,0,0,0,0,0,0,0,0,0,0,0,0,0,0,0,0,0,0,0,0,0,0,0,0,0,0,0,0,0,0,0,0,0,0,0,0,0,0,0,0,0,0,0,0,0,0,0,0,0,0,1,1,2,2,2,2,3,3,3,6,8,11,12,15,18,20,21,23,24,33,39,42,44,45,45,51,56,58,60,62,63,64,63,69,77,83,84,84,86,86,92,94,95,97,97,99,99,102,107,108,111,113,114,115,117,122,122,123,124,124,125,126,126,127,127,129,129,129,131
Rhode Island,0,0,0,0,0,0,0,0,0,0,0,0,0,0,0,0,0,0,0,0,0,0,0,0,0,0,0,0,0,0,0,0,0,0,0,0,0,0,0,0,0,0,0,0,0,0,0,0,0,0,0,0,0,0,0,0,0,0,0,0,0,0,0,0,0,0,2,3,4,8,10,12,14,17,25,27,30,35,43,43,56,63,63,80,80,87,118,137,150,155,171,181,189,202,215,226,233,239,251,266,279,296,320,341,355,370,388,399,418,422,430,444,462,468,479,489,499,506,532,538,556,579,597,608,608,634,655,677
South Carolina,0,0,0,0,0,0,0,0,0,0,0,0,0,0,0,0,0,0,0,0,0,0,0,0,0,0,0,0,0,0,0,0,0,0,0,0,0,0,0,0,0,0,0,0,0,0,0,0,0,0,0,0,0,0,1,1,1,1,1,3,3,5,5,7,9,13,15,16,18,22,26,31,34,40,44,48,51,51,67,72,80,82,82,97,106,111,116,119,120,123,124,140,150,157,166,174,177,192,231,244,256,267,275,283,296,305,316,320,330,331,346,355,362,371,380,380,385,391,399,407,416,419,425,435,440,446,466,470
South Dakota,0,0,0,0,0,0,0,0,0,0,0,0,0,0,0,0,0,0,0,0,0,0,0,0,0,0,0,0,0,0,0,0,0,0,0,0,0,0,0,0,0,0,0,0,0,0,0,0,0,1,1,1,1,1,1,1,1,1,1,1,1,1,1,1,1,1,1,1,1,1,2,2,2,2,2,4,6,6,6,6,6,6,6,6,6,7,7,7,7,7,8,9,9,10,10,11,11,11,13,17,21,21,21,21,24,29,31,31,34,34,34,39,39,43,44,44,44,44,46,46,48,50,50,50,50,50,54,54
Tennessee,0,0,0,0,0,0,0,0,0,0,0,0,0,0,0,0,0,0,0,0,0,0,0,0,0,0,0,0,0,0,0,0,0,0,0,0,0,0,0,0,0,0,0,0,0,0,0,0,0,0,0,0,0,0,0,0,0,0,0,1,2,2,2,3,3,6,7,8,14,23,24,36,41,50,53,65,72,80,94,98,106,106,109,124,124,136,141,142,148,152,157,157,171,169,177,181,184,188,195,199,204,209,210,219,226,239,238,242,242,243,251,266,273,287,290,295,298,301,305,305,313,315,329,336,338,343,353,356
Texas,0,0,0,0,0,0,0,0,0,0,0,0,0,0,0,0,0,0,0,0,0,0,0,0,0,0,0,0,0,0,0,0,0,0,0,0,0,0,0,0,0,0,0,0,0,0,0,0,0,0,0,0,0,0,0,1,3,5,5,5,7,9,12,15,21,26,30,37,45,54,66,77,100,116,136,150,160,189,210,238,266,283,305,342,375,414,451,476,490,507,533,556,604,624,638,651,666,719,754,812,840,863,878,901,925,954,985,1025,1066,1094,1117,1146,1172,1235,1280,1318,1343,1350,1388,1426,1460,1470,1478,1528,1533,1546,1581,1611
Utah,0,0,0,0,0,0,0,0,0,0,0,0,0,0,0,0,0,0,0,0,0,0,0,0,0,0,0,0,0,0,0,0,0,0,0,0,0,0,0,0,0,0,0,0,0,0,0,0,0,0,0,0,0,0,0,0,0,0,0,0,1,1,1,1,1,1,1,2,4,5,5,7,7,8,8,13,13,13,13,17,18,18,13,18,20,20,23,25,27,28,32,32,35,39,41,41,41,41,45,46,46,49,50,50,56,58,61,61,66,67,68,73,75,75,77,78,80,80,88,90,92,93,97,97,98,101,105,106
Vermont,0,0,0,0,0,0,0,0,0,0,0,0,0,0,0,0,0,0,0,0,0,0,0,0,0,0,0,0,0,0,0,0,0,0,0,0,0,0,0,0,0,0,0,0,0,0,0,0,0,0,0,0,0,0,0,0,0,0,2,2,2,5,7,8,9,10,12,12,12,13,16,17,17,20,22,23,23,23,23,24,25,27,28,29,29,33,35,38,38,38,40,40,43,44,46,46,47,47,47,49,50,51,53,52,52,52,53,53,53,53,53,53,53,53,53,53,54,54,54,54,54,54,54,54,54,54,54,55
Virgin Islands,0,0,0,0,0,0,0,0,0,0,0,0,0,0,0,0,0,0,0,0,0,0,0,0,0,0,0,0,0,0,0,0,0,0,0,0,0,0,0,0,0,0,0,0,0,0,0,0,0,0,0,0,0,0,0,0,0,0,0,0,0,0,0,0,0,0,0,0,0,0,0,0,0,0,1,1,1,1,1,1,1,1,1,1,1,1,2,3,3,3,3,3,3,3,3,4,4,4,4,4,4,4,4,4,4,4,4,4,4,4,5,6,6,6,6,6,6,6,6,6,6,6,6,6,6,6,6,6
Virginia,0,0,0,0,0,0,0,0,0,0,0,0,0,0,0,0,0,0,0,0,0,0,0,0,0,0,0,0,0,0,0,0,0,0,0,0,0,0,0,0,0,0,0,0,0,0,0,0,0,0,0,0,1,1,1,2,2,2,2,2,6,6,9,9,10,10,13,20,15,27,34,41,46,52,52,66,66,66,109,121,130,141,149,154,195,208,231,258,277,300,324,349,373,411,437,449,460,492,522,552,581,617,660,684,713,713,769,812,827,839,850,892,928,956,978,1003,1010,1015,1042,1075,1100,1136,1159,1171,1208,1236,1281,1338
Washington,0,0,0,0,0,0,0,0,0,0,0,0,0,0,0,0,0,0,0,0,0,0,0,0,0,0,0,0,0,0,0,0,0,0,0,0,0,0,0,1,6,7,10,11,13,16,18,19,23,29,31,37,37,40,48,55,55,74,83,94,97,109,116,133,150,157,188,198,205,225,234,271,291,315,336,381,400,426,456,483,495,506,513,530,552,579,603,613,636,643,664,686,711,722,737,749,764,786,801,814,824,830,834,841,862,870,891,905,921,931,945,962,974,983,991,999,1001,1002,1031,1037,1044,1050,1050,1061,1070,1078,1095,1106
West Virginia,0,0,0,0,0,0,0,0,0,0,0,0,0,0,0,0,0,0,0,0,0,0,0,0,0,0,0,0,0,0,0,0,0,0,0,0,0,0,0,0,0,0,0,0,0,0,0,0,0,0,0,0,0,0,0,0,0,0,0,0,0,0,0,0,0,0,0,0,1,1,1,2,2,2,3,4,4,4,5,5,5,6,8,9,10,12,16,16,18,24,26,27,31,32,32,34,34,38,38,41,46,48,48,48,48,50,51,52,52,54,54,58,58,60,64,64,67,68,68,69,70,72,72,72,72,72,74,74
Wisconsin,0,0,0,0,0,0,0,0,0,0,0,0,0,0,0,0,0,0,0,0,0,0,0,0,0,0,0,0,0,0,0,0,0,0,0,0,0,0,0,0,0,0,0,0,0,0,0,0,0,0,0,0,0,0,0,0,0,0,3,4,4,5,5,7,10,14,17,18,20,25,27,38,51,54,74,78,92,100,111,128,137,144,154,170,183,197,206,212,220,230,244,248,258,263,266,272,281,300,308,316,327,334,339,340,353,362,374,384,398,400,409,418,421,434,445,453,453,459,467,481,487,496,507,510,514,517,539,550
Wyoming,0,0,0,0,0,0,0,0,0,0,0,0,0,0,0,0,0,0,0,0,0,0,0,0,0,0,0,0,0,0,0,0,0,0,0,0,0,0,0,0,0,0,0,0,0,0,0,0,0,0,0,0,0,0,0,0,0,0,0,0,0,0,0,0,0,0,0,0,0,0,0,0,0,0,0,0,0,0,0,0,0,0,1,1,1,2,2,2,2,2,2,6,7,7,7,7,7,7,7,7,7,7,7,7,7,7,7,7,7,7,7,7,7,7,7,7,8,10,10,11,12,12,12,12,12,13,14,15
